INSERT INTO Airport
VALUES
('AEP', 'Aeroparque Jorge Newbery', 'Argentina', NULL),
('AMS', 'Amsterdam Airport Schiphol', 'Netherlands', NULL),
('ASB', 'Ashgabat International', 'Turkmenistan', NULL),
('ASU', 'Silvio Pettirossi International', 'Paraguay', NULL),
('ATH', 'Athens International', 'Greece', NULL),
('ATL', 'Hartsfield-Jackson Atlanta', 'United States', 'GA'),
('BDO', 'Husein Sastranegara', 'Indonesia', NULL),
('BKK', 'Suvarnabhumi', 'Thailand', NULL),
('BNA', 'Nashville International', 'United States', 'TN'),
('BOG', 'El Dorado International', 'Colombia', NULL),
('BOM', 'Chhatrapati Shivaji Maharaj', 'India', NULL),
('BSB', 'Brasilia International', 'Brazil', NULL),
('BTV', 'Burlington International', 'United States', 'VT'),
('CAN', 'Guangzhou Baiyun International', 'China', NULL),
('CDG', 'Charles de Gaulle Airport', 'France', NULL),
('CGK', 'Soekarno-Hatta', 'Indonesia', NULL),
('CLT', 'Charlotte Douglas', 'United States', 'NC'),
('CUN', 'Cancun International', 'Mexico', NULL),
('DCA', 'Ronald Reagan Washington', 'United States', 'DC'),
('DEN', 'Denver International', 'United States', 'CO'),
('DFW', 'Dallas Fort Worth International', 'United States', 'TX'),
('DOH', 'Hamad ', 'Qatar', NULL),
('DTW', 'Detriot Metropolitan Wayne', 'United States', 'MI'),
('DXB', 'Dubai International', 'UAE', NULL),
('DYU', 'Dushanbe International', 'Tajikstan', NULL),
('EWR', 'Newark Liberty International', 'United States', 'NJ'),
('EZE', 'Ministro Pistarini International', 'Argentina', NULL),
('FCO', 'Rome Fiumicino', 'Italy', NULL),
('FRA', 'Frankfurt am Main', 'Germany', NULL),
('GMP', 'Gimpo International Airport', 'South Korea', NULL),
('GUA', 'La Aurora International', 'Guatemala', NULL),
('HEL', 'Helsinki Airport', 'Finland', NULL),
('HND', 'Tokyo Haneda Airport', 'Japan', NULL),
('HOU', 'William P Hobby Airport', 'United States', 'TX'),
('HRK', 'Kharkiv International', 'Ukraine', NULL),
('HYD', 'Rajiv Gandhi International', 'India', NULL),
('IAD', 'Washington Dulles International', 'United States', 'DC'),
('IAH', 'George Bush Intercontinental', 'United States', 'TX'),
('ICN', 'Incheon International', 'South Korea', NULL),
('IST', 'Istanbul Airport', 'Turkey', NULL),
('ITM', 'Osaka Itami Airport', 'Japan', NULL),
('JED', 'King Abdulaziz', 'Saudi Arabia', NULL),
('JFK', 'JFK', 'United States', 'NY'),
('KBP', 'Boryspil', 'Ukraine', NULL),
('KEF', 'Keflavik Airport', 'Iceland', NULL),
('KRK', 'Krakow John Paul II', 'Poland', NULL),
('KTW', 'Katcwice', 'Poland', NULL),
('KUL', 'Kuala Lumpur', 'Malaysia', NULL),
('LAS', 'Harry Reid International', 'United States', 'NV'),
('LAX', 'Los Angeles International', 'United States', 'CA'),
('LEX', 'Blue Grass Airport', 'United States', 'KY'),
('LGA', 'LaGuardia Airport', 'United States', 'NY'),
('LHR', 'Heathrow Airport', 'United Kingdom', NULL),
('LIM', 'Jorge Chavez International', 'Peru', NULL),
('LIS', 'Humberto Delgado', 'Portugal', NULL),
('LPD', 'El Alto International', 'Bolivia', NULL),
('LWO', 'Danylo-Halytskyi International', 'Ukraine', NULL),
('MCO', 'Orlando International', 'United States', 'FL'),
('MDW', 'Midway', 'United States', 'IL'),
('MEX', 'Mexico City International', 'Mexico', NULL),
('MIA', 'Miami International', 'United States', 'FL'),
('MNL', 'Ninoy Aquino', 'Philippines', NULL),
('MUC', 'Munich Airport', 'Germany', NULL),
('MVD', 'Carrasco International', 'Uruguay', NULL),
('MXP', 'Malpensa Airport', 'Italy', NULL),
('ODS', 'Odesa International', 'Ukraine', NULL),
('ORD', 'O''hare International', 'United States', 'IL'),
('OTP', 'Henri Coanda International', 'Romania', NULL),
('PEK', 'Beijing Capital International', 'China', NULL),
('PTY', 'Tocumen International', 'Panama', NULL),
('PVG', 'Shanghai Pudong International', 'China', NULL),
('RIX', 'Riga International', 'Latvia', NULL),
('RUH', 'King Khalid', 'Saudi Arabia', NULL),
('SCL', 'Arturo Merino Benitez', 'Chile', NULL),
('SEA', 'Seattle-Tacoma International', 'United States', 'WA'),
('SFO', 'San Fransisco', 'United States', 'CA'),
('SIN', 'Singapore Changi Airport', 'Singapore', NULL),
('SJO', 'Juan Santamaria International', 'Costa Rica', NULL),
('SLC', 'Salt Lake City International', 'United States', 'UT'),
('SOF', 'Vasil Levski Sofia', 'Bulgaria', NULL),
('SZX', 'Shenzhen Bao''an', 'China', NULL),
('TAS', 'Tashkent International', 'Uzbekistan', NULL),
('TGU', 'Toncontin Airport', 'Honduras', NULL),
('TPA', 'Tampa International', 'United States', 'FL'),
('TSE', 'Astana Internnational', 'Kazakhstan', NULL),
('UIO', 'Mariscal Sucre International', 'Ecuador', NULL),
('ULN', 'Buyant Ukhaa International', 'Mongolia', NULL),
('VIE', 'Vienna Airport', 'Austria', NULL),
('VNO', 'Vilnius International Airport', 'Lithuania', NULL),
('WAW', 'Lotnisko Chopina Warszawa', 'Poland', NULL),
('YEG', 'Edmonton International', 'Canada', NULL),
('YHZ', 'Halifax Stanfield International', 'Canada', NULL),
('YLW', 'Kelowna International', 'Canada', NULL),
('YOW', 'Ottawa International', 'Canada', NULL),
('YUL', 'Montreal-Trudeau International', 'Canada', NULL),
('YVR', 'Vancouver International', 'Canada', NULL),
('YWG', 'Armstrong Richardson International', 'Canada', NULL),
('YYC', 'Calgary International', 'Canada', NULL),
('YYZ', 'Totonto Pearson International', 'Canada', NULL),
('ZAG', 'Zagreb Airport', 'Croatia', NULL);

INSERT INTO Airline
VALUES
('2I', 'Star Peru', 'Peru'),
('2K', 'Avianca Ecuador', 'Ecuador'),
('3H', 'Air Inuit', 'Canada'),
('4N', 'Air North', 'Canada'),
('5U', 'TAG', 'Guatemala'),
('6E', 'IndiGo', 'India'),
('6L', 'Aklak Air', 'Canada'),
('7C', 'Jeju Air', 'South Korea'),
('7J', 'Tajik Air', 'Tajikstan'),
('7P', 'Air Panama', 'Panama'),
('A3', 'Aegean Airlines', 'Greece'),
('AA', 'American Airlines', 'United States'),
('AC', 'Air Canada', 'Canada'),
('AF', 'Air France', 'France'),
('AI', 'Air India', 'India'),
('AK', 'AirAsia', 'Malaysia'),
('AM', 'Aeromexico', 'Mexico'),
('AS', 'Alaska Airlines', 'United States'),
('AV', 'Avianca', 'Colombia'),
('AY', 'Finnair', 'Finland'),
('B6', 'JetBlue', 'United States'),
('BA', 'British Airways', 'United Kingdom'),
('BQ', 'Sky Alps', 'Italy'),
('BT', 'AirBaltic', 'Latvia'),
('CA', 'Air China', 'China'),
('CZ', 'China Southern Airlines', 'China'),
('DD', 'Nok Air', 'Thailand'),
('DL', 'Delta Air Lines', 'United States'),
('EK', 'Emirates', 'UAE'),
('EW', 'Eurowings', 'Germany'),
('F9', 'Frontier Airlines', 'United States'),
('FB', 'Bulgaria Air', 'Bulgaria'),
('FI', 'Icelandair', 'Iceland'),
('FO', 'Flybondi', 'Argentina'),
('FS', 'FlyArystan', 'Kazakhstan'),
('G3', 'Gol Transportes Aereos', 'Brazil'),
('G4', 'Allegiant Air', 'United States'),
('H2', 'SKY Airline', 'Chile'),
('HU', 'Hainan Airlines', 'China'),
('HW', 'North-Weight Airways', 'Canada'),
('HY', 'Uzbekistan Airways', 'Uzbekistan'),
('ID', 'Batik Air', 'Indonesia'),
('JV', 'Bearskin Airlines', 'Canada'),
('KE', 'Korean Air', 'South Korea'),
('KL', 'KLM', 'Netherlands'),
('LH', 'Lufthansa', 'Germany'),
('LO', 'Lot Polish Airlines', 'Poland'),
('LR', 'Avianca Costa Rica', 'Costa Rica'),
('M0', 'Aero Mongolia', 'Mongolia'),
('MU', 'China Eastern Airlines', 'China'),
('MX', 'Breeze Airways', 'United States'),
('N3', 'Aeromas', 'Uruguay'),
('NH', 'All Nippon Airways', 'Japan'),
('NQ', 'Air Japan', 'Japan'),
('O4', 'Andes', 'Argentina'),
('OB', 'Boliviana de Aviacion', 'Bolivia'),
('OE', 'FlyOne Romania', 'Romania'),
('OO', 'Skywest Airlines', 'United States'),
('OS', 'Austrian Airlines', 'Austria'),
('OU', 'Croatia Airlines', 'Croatia'),
('PC', 'Pegasus Airlines', 'Turkey'),
('PR', 'Philippine Airlines', 'Philippines'),
('QC', 'Citilink', 'Indonesia'),
('QK', 'Jazz Aviation', 'Canada'),
('QR', 'Qatar Airways', 'Qatar'),
('QU', 'Skyline Express', 'Ukraine'),
('RV', 'Air Canada Rouge', 'Canada'),
('RX', 'Riyadh Air', 'Saudi Arabia'),
('SQ', 'Singapore Airlines', 'Singapore'),
('SV', 'Saudia', 'Saudi Arabia'),
('SY', 'Sun Country Airlines', 'United States'),
('T5', 'Turkmenistan Airlines', 'Turkmenistan'),
('TP', 'TAP Air Portugal', 'Portugal'),
('UA', 'United Airlines', 'United States'),
('VB', 'Viva', 'Mexico'),
('WC', 'Avianca Honduras', 'Honduras'),
('WN', 'Southwest Airlines', 'United States'),
('X9', 'Avion Express', 'Lithuania'),
('XP', 'Avelo Airlines', 'United States'),
('XZ', 'AeroItalia', 'Italy'),
('YN', 'Air Creebec', 'Canada'),
('ZP', 'Paranair', 'Paraguay');

INSERT INTO Address(street_addr,city,state,country,zipcode)
VALUES
('3101 S Wabash Ave', 'Chicago', 'IL', 'United States', '60616'),
('523 Ridge Ave', 'Elk Grove Village', 'IL', 'United States', '60007'),
('607 N State St', 'Champaign', 'IL', 'United States', '61820'),
('80 Dye Addition', 'Whitesburg', 'KY', 'United States', '41858'),
('855 Taylor St', 'San Francisco', 'CA', 'United States', '94108'),
('1600 Pennsylvania Ave NW', 'Washington', 'DC', 'United States', '20500'),
('2104 Halleck Ave SW', 'Seattle', 'WA', 'United States', '98116'),
('Yaroslava Mudroho St 27', 'Lviv', NULL, 'Ukraine', '79016'),
('Orkestrovyi Ln 10', 'Kharkiv', NULL, 'Ukraine', '61000'),
('Czeremchowa 48N', 'Warsaw', NULL, 'Poland', '03-159'),
('J57C+24W Ar Rabwah', 'Jeddah', NULL, 'Saudi Arabia', '23533'),
('JI. Wana Mulya Raya', 'Banten', NULL, 'Indonesia', '15157'),
('59/2 Dr Amedkar College Rd', 'Chennai', NULL, 'India', '600012'),
('104-3 Jiwol-ri', 'Gwangju-si', NULL, 'South Korea', '12701'),
('Lago Zirahuen 40', 'Mexico', NULL, 'Mexico', '57500'),
('Slaska 8B', 'Zabierzow', NULL, 'Poland', '32-080'),
('Via Porto Torres 5a', 'Fiumicino', NULL, 'Italy', '00054'),
('Kalevankatu 56 C', 'Helsinki', NULL, 'Finland', '00180');

INSERT INTO Customer
VALUES
('emclovin48@gmail.com', 'Emily', 'McLovin', 'Eliza','ATL'),
('dnebaba@hotmail.com', 'Danylo', 'Nebaba', 'NULL','CUN'),
('Ahnhwadu@gmail.com', 'Hwadu', 'Ahn', 'NULL','CGK'),
('yesssssmanlol69@gmail.com', 'Yasmin', 'Perez-Martinez', 'Yulia','DFW'),
('petro.zhuk@yahoo.com', 'Petro', 'Zhuk', 'NULL','ATH'),
('ljan24@gmail.com', 'Lena', 'Jan', 'NULL','HND'),
('cpsmith@gmail.com', 'Clementine', 'Smith', 'Peter','JFK'),
('fartjoke69@gmail.com', 'Your Mom', 'lol', 'Weeeeee','LGA'),
('agahtan@yahoo.com', 'Ayla', 'Qahtan', 'NULL','LIM'),
('ekemppainen@gmail.com', 'Eetu', 'Kemppainen', 'NULL','LPD');

INSERT INTO Lives_at
VALUES
('emclovin48@gmail.com', 1),
('dnebaba@hotmail.com', 8),
('Ahnhwadu@gmail.com', 14),
('yesssssmanlol69@gmail.com', 15),
('petro.zhuk@yahoo.com', 9),
('ljan24@gmail.com', 10),
('cpsmith@gmail.com', 4),
('fartjoke69@gmail.com', 6),
('agahtan@yahoo.com', 11),
('ekemppainen@gmail.com', 18);

INSERT INTO Credit_card
VALUES
(4562465946591125, 'Emily', 'McLovin', 654, '02/27', 'emclovin48@gmail.com', 1),
(4456223611289468, 'Danylo', 'Nebaba', 325, '03/27', 'dnebaba@hotmail.com', 8),
(6552323123487654, 'Hwadu', 'Ahn', 336, '02/28', 'Ahnhwadu@gmail.com', 14),
(5656345344576522, 'Yasmin', 'Perez-Martinez', 446, '09/30', 'yesssssmanlol69@gmail.com', 15),
(3301038480101048, 'Petro', 'Zhuk', 5531, '02/28', 'petro.zhuk@yahoo.com', 9),
(2342349098098562, 'Lena', 'Jan', 2284, '10/29', 'ljan24@gmail.com', 10),
(3959098234760234, 'Clementine', 'Smith', 2256, '12/30', 'cpsmith@gmail.com', 4),
(5809809809823422, 'Your Mom', 'lol', 789, '05/31', 'fartjoke69@gmail.com', 6),
(2398098098098324, 'Ayla', 'Qahtan', 451, '09/26', 'agahtan@yahoo.com', 11),
(1239080980934522, 'Eetu', 'Kemppainen', 123, '10/28', 'ekemppainen@gmail.com', 18);

INSERT INTO Flight
VALUES
('2I','2I734', '05/09/2026', 12, 45, 14, 30, 120, 10,  'UIO', 'LIM'),
('2K','2K222', '05/10/2026', 13, 20, 16, 20, 123, 50,  'YOW', 'UIO'),
('AA','AA87T', '05/10/2026', 18, 00, 19, 30, 100, 30, 'TPA', 'YOW'),
('3H','3H673', '05/11/2026', 2, 30, 6, 30, 156, 54,  'YEG', 'YOW'),
('QU','QU384', '10/10/2026', 7, 10, 23, 10, 196, 53,  'WAW', 'HRK'),
('LO','LO3415', '10/11/2026', 6, 45, 8, 30, 201, 51,  'JED', 'WAW'),
('RX','RX552', '10/12/2026', 0, 0, 16, 15, 201, 52,  'ITM', 'JED'),
('SQ','SQ994', '12/01/2026', 9, 40, 22, 30, 165, 59,  'CGK', 'SIN'),
('KE','KE992', '01/02/2027', 5, 50, 10, 10, 142, 57,  'LWO', 'ICN'),
('AA','AA8833', '02/19/2027', 6, 10, 9, 45, 137, 58,  'ULN', 'ORD'),
('WN','WN773', '11/14/2026', 14, 30, 16, 0, 160, 58,  'LEX', 'ORD');

INSERT INTO Price
VALUES
('2I', '2I734', '05/09/2026', 'economy', 648.3),
('AA', 'AA87T', '05/10/2026', 'economy', 345.77),
('AA', 'AA87T', '05/10/2026', 'first', 400.77),
('2K', '2K222', '05/10/2026', 'economy', 230.24),
('2K', '2K222', '05/10/2026', 'first', 300.24),
('3H', '3H673', '05/11/2026', 'economy', 1001.35),
('QU', 'QU384', '10/10/2026', 'first', 2030.42),
('LO', 'LO3415', '10/11/2026', 'first', 1956.3),
('RX', 'RX552', '10/12/2026', 'economy', 448.54),
('SQ', 'SQ994', '12/01/2026', 'economy', 996.2),
('KE', 'KE992', '01/02/2027', 'economy', 884.2),
('AA', 'AA8833', '02/19/2027', 'first', 1564.56),
('WN', 'WN773', '11/14/2026', 'economy', 455.22);

INSERT INTO Booking(email,card_number)
VALUES
('emclovin48@gmail.com', 4562465946591125),
('dnebaba@hotmail.com', 4456223611289468),
('Ahnhwadu@gmail.com', 6552323123487654),
('yesssssmanlol69@gmail.com', 5656345344576522),
('petro.zhuk@yahoo.com', 3301038480101048),
('ljan24@gmail.com', 2342349098098562),
('cpsmith@gmail.com', 3959098234760234),
('fartjoke69@gmail.com', 5809809809823422),
('agahtan@yahoo.com', 2398098098098324),
('ekemppainen@gmail.com', 1239080980934522);

INSERT INTO Contains
VALUES
(1, '2I', '2I734', '05/09/2026', 'economy'),
(2, '2K', '2K222', '05/10/2026', 'economy'),
(3, '3H', '3H673', '05/11/2026', 'economy'),
(4, 'QU', 'QU384', '10/10/2026', 'first'),
(5, 'LO', 'LO3415', '10/11/2026', 'first'),
(6, 'RX', 'RX552', '10/12/2026', 'economy'),
(7, 'SQ', 'SQ994', '12/01/2026', 'economy'),
(8, 'KE', 'KE992', '01/02/2027', 'economy'),
(9, 'AA', 'AA8833', '02/19/2027', 'first'),
(10, 'WN', 'WN773', '11/14/2026', 'economy');